-- phpMyAdmin SQL Dump
-- version 5.2.0
-- https://www.phpmyadmin.net/
--
-- Host: 127.0.0.1
-- Generation Time: Dec 21, 2022 at 10:04 AM
-- Server version: 10.4.24-MariaDB
-- PHP Version: 8.1.6

SET SQL_MODE = "NO_AUTO_VALUE_ON_ZERO";
START TRANSACTION;
SET time_zone = "+00:00";


/*!40101 SET @OLD_CHARACTER_SET_CLIENT=@@CHARACTER_SET_CLIENT */;
/*!40101 SET @OLD_CHARACTER_SET_RESULTS=@@CHARACTER_SET_RESULTS */;
/*!40101 SET @OLD_COLLATION_CONNECTION=@@COLLATION_CONNECTION */;
/*!40101 SET NAMES utf8mb4 */;

--
-- Database: `dbgreenvalley`
--

-- --------------------------------------------------------

--
-- Table structure for table `course`
--

CREATE TABLE `course` (
  `COURSE_ID` int(11) NOT NULL,
  `COURSE_NAME` varchar(30) NOT NULL,
  `COURSE_LEVEL` varchar(50) NOT NULL DEFAULT '1',
  `COURSE_MAJOR` varchar(30) NOT NULL DEFAULT 'None',
  `COURSE_DESC` varchar(255) NOT NULL,
  `DEPT_ID` int(11) NOT NULL,
  `SETSEMESTER` varchar(90) NOT NULL
) ENGINE=InnoDB DEFAULT CHARSET=latin1;

--
-- Dumping data for table `course`
--

INSERT INTO `course` (`COURSE_ID`, `COURSE_NAME`, `COURSE_LEVEL`, `COURSE_MAJOR`, `COURSE_DESC`, `DEPT_ID`, `SETSEMESTER`) VALUES
(60, 'Bachelor of Science in Informa', '1', 'Information Technology', 'BSIT', 37, ''),
(61, 'Bachelor of Science in Informa', '2', 'Information Technology', 'BSIT', 37, ''),
(62, 'Bachelor of Science in Informa', '3', 'Information Technology', 'BSIT', 37, ''),
(63, 'Bachelor of Science in Informa', '4', 'Information Technology', 'BSIT', 37, '');

-- --------------------------------------------------------

--
-- Table structure for table `department`
--

CREATE TABLE `department` (
  `DEPT_ID` int(11) NOT NULL,
  `DEPARTMENT_NAME` varchar(30) NOT NULL,
  `DEPARTMENT_DESC` varchar(50) NOT NULL
) ENGINE=InnoDB DEFAULT CHARSET=latin1;

--
-- Dumping data for table `department`
--

INSERT INTO `department` (`DEPT_ID`, `DEPARTMENT_NAME`, `DEPARTMENT_DESC`) VALUES
(37, 'Computer Studies Department', 'this is all about technology\r\n                    ');

-- --------------------------------------------------------

--
-- Table structure for table `grades`
--

CREATE TABLE `grades` (
  `GRADE_ID` int(11) NOT NULL,
  `IDNO` int(11) NOT NULL,
  `SUBJ_ID` int(11) NOT NULL,
  `FIRST` int(11) NOT NULL,
  `SECOND` int(11) NOT NULL,
  `THIRD` int(11) NOT NULL,
  `FOURTH` int(11) NOT NULL,
  `AVE` float NOT NULL,
  `REMARKS` text NOT NULL,
  `COMMENT` text NOT NULL,
  `SEMS` varchar(90) NOT NULL
) ENGINE=InnoDB DEFAULT CHARSET=latin1;

--
-- Dumping data for table `grades`
--

INSERT INTO `grades` (`GRADE_ID`, `IDNO`, `SUBJ_ID`, `FIRST`, `SECOND`, `THIRD`, `FOURTH`, `AVE`, `REMARKS`, `COMMENT`, `SEMS`) VALUES
(1533, 1000000205, 346, 0, 1, 0, 0, 1, 'Passed', '', ''),
(1534, 1000000205, 347, 0, 1, 0, 0, 1, 'Passed', '', ''),
(1535, 1000000205, 348, 0, 1, 0, 0, 1, 'Passed', '', ''),
(1536, 1000000205, 349, 0, 1, 0, 0, 1, 'Passed', '', ''),
(1537, 1000000205, 350, 0, 1, 0, 0, 1, 'Passed', '', ''),
(1538, 1000000205, 351, 0, 1, 0, 0, 1, 'Passed', '', ''),
(1539, 1000000205, 352, 0, 1, 0, 0, 1, 'Passed', '', ''),
(1540, 1000000205, 353, 0, 1, 0, 0, 1, 'Passed', '', ''),
(1541, 1000000205, 354, 0, 1, 0, 0, 1, 'Passed', '', ''),
(1542, 1000000205, 355, 0, 1, 0, 0, 1, 'Passed', '', ''),
(1543, 1000000205, 357, 0, 0, 0, 0, 0, '', '', 'Second'),
(1544, 1000000205, 359, 0, 0, 0, 0, 0, '', '', 'Second'),
(1545, 1000000205, 360, 0, 0, 0, 0, 0, '', '', 'Second'),
(1546, 1000000205, 361, 0, 0, 0, 0, 0, '', '', 'Second'),
(1547, 1000000205, 362, 0, 0, 0, 0, 0, '', '', 'Second'),
(1548, 1000000205, 363, 0, 0, 0, 0, 0, '', '', 'Second'),
(1549, 1000000205, 359, 0, 0, 0, 0, 0, '', '', 'Second'),
(1550, 1000000205, 360, 0, 0, 0, 0, 0, '', '', 'Second'),
(1551, 1000000207, 346, 0, 1, 0, 0, 1, 'Passed', '', ''),
(1552, 1000000207, 347, 0, 1, 0, 0, 1, 'Passed', '', ''),
(1553, 1000000207, 348, 0, 1, 0, 0, 1, 'Passed', '', ''),
(1554, 1000000207, 349, 0, 1, 0, 0, 1, 'Passed', '', ''),
(1555, 1000000207, 350, 0, 1, 0, 0, 1, 'Passed', '', ''),
(1556, 1000000207, 351, 0, 1, 0, 0, 1, 'Passed', '', ''),
(1557, 1000000207, 352, 0, 1, 0, 0, 1, 'Passed', '', ''),
(1558, 1000000207, 353, 0, 1, 0, 0, 1, 'Passed', '', ''),
(1559, 1000000207, 354, 0, 1, 0, 0, 1, 'Passed', '', ''),
(1560, 1000000207, 355, 0, 1, 0, 0, 1, 'Passed', '', ''),
(1561, 1000000207, 356, 0, 0, 0, 0, 0, '', '', ''),
(1562, 1000000207, 357, 0, 0, 0, 0, 0, '', '', ''),
(1563, 1000000207, 358, 0, 0, 0, 0, 0, '', '', ''),
(1564, 1000000207, 359, 0, 0, 0, 0, 0, '', '', ''),
(1565, 1000000207, 360, 0, 0, 0, 0, 0, '', '', ''),
(1566, 1000000207, 361, 0, 0, 0, 0, 0, '', '', ''),
(1567, 1000000207, 362, 0, 0, 0, 0, 0, '', '', ''),
(1568, 1000000207, 363, 0, 0, 0, 0, 0, '', '', ''),
(1569, 1000000207, 364, 0, 0, 0, 0, 0, '', '', ''),
(1570, 1000000210, 356, 0, 1, 0, 0, 1, 'Passed', '', ''),
(1571, 1000000210, 357, 0, 1, 0, 0, 1, 'Passed', '', ''),
(1572, 1000000210, 358, 0, 1, 0, 0, 1, 'Passed', '', ''),
(1573, 1000000210, 359, 0, 1, 0, 0, 1, 'Passed', '', ''),
(1574, 1000000210, 360, 0, 1, 0, 0, 1, 'Passed', '', ''),
(1575, 1000000210, 361, 0, 1, 0, 0, 1, 'Passed', '', ''),
(1576, 1000000210, 362, 0, 1, 0, 0, 1, 'Passed', '', ''),
(1577, 1000000210, 363, 0, 1, 0, 0, 1, 'Passed', '', ''),
(1578, 1000000210, 364, 0, 1, 0, 0, 1, 'Passed', '', ''),
(1579, 1000000211, 356, 0, 1, 0, 0, 1, 'Passed', '', ''),
(1580, 1000000211, 357, 0, 1, 0, 0, 1, 'Passed', '', ''),
(1581, 1000000211, 358, 0, 1, 0, 0, 1, 'Passed', '', ''),
(1582, 1000000211, 359, 0, 1, 0, 0, 1, 'Passed', '', ''),
(1583, 1000000211, 360, 0, 1, 0, 0, 1, 'Passed', '', ''),
(1584, 1000000211, 361, 0, 1, 0, 0, 1, 'Passed', '', ''),
(1585, 1000000211, 362, 0, 1, 0, 0, 1, 'Passed', '', ''),
(1586, 1000000211, 363, 0, 1, 0, 0, 1, 'Passed', '', ''),
(1587, 1000000211, 364, 0, 1, 0, 0, 1, 'Passed', '', ''),
(1588, 1000000211, 346, 0, 0, 0, 0, 0, '', '', ''),
(1589, 1000000211, 347, 0, 0, 0, 0, 0, '', '', ''),
(1590, 1000000211, 348, 0, 0, 0, 0, 0, '', '', ''),
(1591, 1000000211, 349, 0, 0, 0, 0, 0, '', '', ''),
(1592, 1000000211, 350, 0, 0, 0, 0, 0, '', '', ''),
(1593, 1000000211, 351, 0, 0, 0, 0, 0, '', '', ''),
(1594, 1000000211, 352, 0, 0, 0, 0, 0, '', '', ''),
(1595, 1000000211, 353, 0, 0, 0, 0, 0, '', '', ''),
(1596, 1000000211, 354, 0, 0, 0, 0, 0, '', '', ''),
(1597, 1000000211, 355, 0, 0, 0, 0, 0, '', '', ''),
(1598, 1000000211, 346, 0, 0, 0, 0, 0, '', '', ''),
(1599, 1000000211, 347, 0, 0, 0, 0, 0, '', '', ''),
(1600, 1000000211, 348, 0, 0, 0, 0, 0, '', '', ''),
(1601, 1000000211, 349, 0, 0, 0, 0, 0, '', '', ''),
(1602, 1000000211, 350, 0, 0, 0, 0, 0, '', '', ''),
(1603, 1000000211, 351, 0, 0, 0, 0, 0, '', '', ''),
(1604, 1000000211, 352, 0, 0, 0, 0, 0, '', '', ''),
(1605, 1000000211, 353, 0, 0, 0, 0, 0, '', '', ''),
(1606, 1000000211, 354, 0, 0, 0, 0, 0, '', '', ''),
(1607, 1000000211, 355, 0, 0, 0, 0, 0, '', '', ''),
(1608, 1000000211, 346, 0, 0, 0, 0, 0, '', '', ''),
(1609, 1000000211, 347, 0, 0, 0, 0, 0, '', '', ''),
(1610, 1000000211, 348, 0, 0, 0, 0, 0, '', '', ''),
(1611, 1000000211, 349, 0, 0, 0, 0, 0, '', '', ''),
(1612, 1000000211, 350, 0, 0, 0, 0, 0, '', '', ''),
(1613, 1000000211, 351, 0, 0, 0, 0, 0, '', '', ''),
(1614, 1000000211, 352, 0, 0, 0, 0, 0, '', '', ''),
(1615, 1000000211, 353, 0, 0, 0, 0, 0, '', '', ''),
(1616, 1000000211, 354, 0, 0, 0, 0, 0, '', '', ''),
(1617, 1000000211, 355, 0, 0, 0, 0, 0, '', '', ''),
(1618, 1000000211, 346, 0, 0, 0, 0, 0, '', '', ''),
(1619, 1000000211, 347, 0, 0, 0, 0, 0, '', '', ''),
(1620, 1000000211, 348, 0, 0, 0, 0, 0, '', '', ''),
(1621, 1000000211, 349, 0, 0, 0, 0, 0, '', '', ''),
(1622, 1000000211, 350, 0, 0, 0, 0, 0, '', '', ''),
(1623, 1000000211, 351, 0, 0, 0, 0, 0, '', '', ''),
(1624, 1000000211, 352, 0, 0, 0, 0, 0, '', '', ''),
(1625, 1000000211, 353, 0, 0, 0, 0, 0, '', '', ''),
(1626, 1000000211, 354, 0, 0, 0, 0, 0, '', '', ''),
(1627, 1000000211, 355, 0, 0, 0, 0, 0, '', '', ''),
(1628, 1000000211, 346, 0, 0, 0, 0, 0, '', '', ''),
(1629, 1000000211, 347, 0, 0, 0, 0, 0, '', '', ''),
(1630, 1000000211, 348, 0, 0, 0, 0, 0, '', '', ''),
(1631, 1000000211, 349, 0, 0, 0, 0, 0, '', '', ''),
(1632, 1000000211, 350, 0, 0, 0, 0, 0, '', '', ''),
(1633, 1000000211, 351, 0, 0, 0, 0, 0, '', '', ''),
(1634, 1000000211, 352, 0, 0, 0, 0, 0, '', '', ''),
(1635, 1000000211, 353, 0, 0, 0, 0, 0, '', '', ''),
(1636, 1000000211, 354, 0, 0, 0, 0, 0, '', '', ''),
(1637, 1000000211, 355, 0, 0, 0, 0, 0, '', '', ''),
(1638, 1000000211, 346, 0, 0, 0, 0, 0, '', '', ''),
(1639, 1000000211, 347, 0, 0, 0, 0, 0, '', '', ''),
(1640, 1000000211, 348, 0, 0, 0, 0, 0, '', '', ''),
(1641, 1000000211, 349, 0, 0, 0, 0, 0, '', '', ''),
(1642, 1000000211, 350, 0, 0, 0, 0, 0, '', '', ''),
(1643, 1000000211, 351, 0, 0, 0, 0, 0, '', '', ''),
(1644, 1000000211, 352, 0, 0, 0, 0, 0, '', '', ''),
(1645, 1000000211, 353, 0, 0, 0, 0, 0, '', '', ''),
(1646, 1000000211, 354, 0, 0, 0, 0, 0, '', '', ''),
(1647, 1000000211, 355, 0, 0, 0, 0, 0, '', '', ''),
(1648, 1000000211, 346, 0, 0, 0, 0, 0, '', '', ''),
(1649, 1000000211, 347, 0, 0, 0, 0, 0, '', '', ''),
(1650, 1000000211, 348, 0, 0, 0, 0, 0, '', '', ''),
(1651, 1000000211, 349, 0, 0, 0, 0, 0, '', '', ''),
(1652, 1000000211, 350, 0, 0, 0, 0, 0, '', '', ''),
(1653, 1000000211, 351, 0, 0, 0, 0, 0, '', '', ''),
(1654, 1000000211, 352, 0, 0, 0, 0, 0, '', '', ''),
(1655, 1000000211, 353, 0, 0, 0, 0, 0, '', '', ''),
(1656, 1000000211, 354, 0, 0, 0, 0, 0, '', '', ''),
(1657, 1000000211, 355, 0, 0, 0, 0, 0, '', '', ''),
(1658, 1000000211, 346, 0, 0, 0, 0, 0, '', '', ''),
(1659, 1000000211, 347, 0, 0, 0, 0, 0, '', '', ''),
(1660, 1000000211, 348, 0, 0, 0, 0, 0, '', '', ''),
(1661, 1000000211, 349, 0, 0, 0, 0, 0, '', '', ''),
(1662, 1000000211, 350, 0, 0, 0, 0, 0, '', '', ''),
(1663, 1000000211, 351, 0, 0, 0, 0, 0, '', '', ''),
(1664, 1000000211, 352, 0, 0, 0, 0, 0, '', '', ''),
(1665, 1000000211, 353, 0, 0, 0, 0, 0, '', '', ''),
(1666, 1000000211, 354, 0, 0, 0, 0, 0, '', '', ''),
(1667, 1000000211, 355, 0, 0, 0, 0, 0, '', '', ''),
(1668, 1000000211, 346, 0, 0, 0, 0, 0, '', '', ''),
(1669, 1000000211, 347, 0, 0, 0, 0, 0, '', '', ''),
(1670, 1000000211, 348, 0, 0, 0, 0, 0, '', '', ''),
(1671, 1000000211, 349, 0, 0, 0, 0, 0, '', '', ''),
(1672, 1000000211, 350, 0, 0, 0, 0, 0, '', '', ''),
(1673, 1000000211, 351, 0, 0, 0, 0, 0, '', '', ''),
(1674, 1000000211, 352, 0, 0, 0, 0, 0, '', '', ''),
(1675, 1000000211, 353, 0, 0, 0, 0, 0, '', '', ''),
(1676, 1000000211, 354, 0, 0, 0, 0, 0, '', '', ''),
(1677, 1000000211, 355, 0, 0, 0, 0, 0, '', '', ''),
(1678, 1000000223, 346, 0, 0, 0, 0, 0, '', '', 'First'),
(1679, 1000000223, 347, 0, 0, 0, 0, 0, '', '', 'First'),
(1680, 1000000223, 348, 0, 0, 0, 0, 0, '', '', 'First'),
(1681, 1000000223, 349, 0, 0, 0, 0, 0, '', '', 'First'),
(1682, 1000000223, 350, 0, 0, 0, 0, 0, '', '', 'First'),
(1683, 1000000223, 352, 0, 0, 0, 0, 0, '', '', 'First'),
(1684, 1000000223, 354, 0, 0, 0, 0, 0, '', '', 'First'),
(1685, 1000000210, 346, 0, 0, 0, 0, 0, '', '', ''),
(1686, 1000000210, 347, 0, 0, 0, 0, 0, '', '', ''),
(1687, 1000000210, 348, 0, 0, 0, 0, 0, '', '', ''),
(1688, 1000000210, 349, 0, 0, 0, 0, 0, '', '', ''),
(1689, 1000000210, 350, 0, 0, 0, 0, 0, '', '', ''),
(1690, 1000000210, 351, 0, 0, 0, 0, 0, '', '', ''),
(1691, 1000000210, 352, 0, 0, 0, 0, 0, '', '', ''),
(1692, 1000000210, 353, 0, 0, 0, 0, 0, '', '', ''),
(1693, 1000000210, 354, 0, 0, 0, 0, 0, '', '', ''),
(1694, 1000000210, 355, 0, 0, 0, 0, 0, '', '', '');

-- --------------------------------------------------------

--
-- Table structure for table `schoolyr`
--

CREATE TABLE `schoolyr` (
  `SYID` int(11) NOT NULL,
  `AY` varchar(30) NOT NULL,
  `SEMESTER` varchar(20) NOT NULL,
  `COURSE_ID` int(11) NOT NULL,
  `IDNO` int(30) NOT NULL,
  `CATEGORY` varchar(30) NOT NULL DEFAULT 'ENROLLED',
  `DATE_RESERVED` datetime NOT NULL,
  `DATE_ENROLLED` datetime NOT NULL,
  `STATUS` varchar(30) NOT NULL DEFAULT 'New'
) ENGINE=InnoDB DEFAULT CHARSET=latin1;

--
-- Dumping data for table `schoolyr`
--

INSERT INTO `schoolyr` (`SYID`, `AY`, `SEMESTER`, `COURSE_ID`, `IDNO`, `CATEGORY`, `DATE_RESERVED`, `DATE_ENROLLED`, `STATUS`) VALUES
(204, '2022-2023', 'First', 60, 1000000205, 'ENROLLED', '2022-12-16 00:00:00', '2022-12-16 00:00:00', 'New'),
(205, '2022-2023', 'Second', 60, 1000000205, 'ENROLLED', '2022-12-16 00:00:00', '2022-12-16 00:00:00', 'Old'),
(206, '2022-2023', 'First', 60, 1000000207, 'ENROLLED', '2022-12-16 00:00:00', '2022-12-16 00:00:00', 'New'),
(207, '2022-2023', 'Second', 60, 1000000207, 'ENROLLED', '2022-12-16 00:00:00', '2022-12-16 00:00:00', 'Old'),
(208, '2022-2023', 'Second', 60, 1000000210, 'ENROLLED', '2022-12-17 00:00:00', '2022-12-17 00:00:00', 'New'),
(209, '2022-2023', 'Second', 60, 1000000211, 'ENROLLED', '2022-12-20 00:00:00', '2022-12-20 00:00:00', 'New'),
(210, '2022-2023', 'First', 60, 1000000211, 'ENROLLED', '2022-12-20 00:00:00', '2022-12-20 00:00:00', 'Old'),
(211, '2022-2023', 'First', 60, 1000000211, 'ENROLLED', '2022-12-20 00:00:00', '2022-12-20 00:00:00', 'Old'),
(212, '2022-2023', 'First', 60, 1000000211, 'ENROLLED', '2022-12-20 00:00:00', '2022-12-20 00:00:00', 'Old'),
(213, '2022-2023', 'First', 60, 1000000211, 'ENROLLED', '2022-12-20 00:00:00', '2022-12-20 00:00:00', 'Old'),
(214, '2022-2023', 'First', 60, 1000000211, 'ENROLLED', '2022-12-20 00:00:00', '2022-12-20 00:00:00', 'Old'),
(215, '2022-2023', 'First', 60, 1000000211, 'ENROLLED', '2022-12-20 00:00:00', '2022-12-20 00:00:00', 'Old'),
(216, '2022-2023', 'First', 60, 1000000211, 'ENROLLED', '2022-12-20 00:00:00', '2022-12-20 00:00:00', 'Old'),
(217, '2022-2023', 'First', 60, 1000000211, 'ENROLLED', '2022-12-20 00:00:00', '2022-12-20 00:00:00', 'Old'),
(218, '2022-2023', 'First', 60, 1000000211, 'ENROLLED', '2022-12-20 00:00:00', '2022-12-20 00:00:00', 'Old'),
(219, '2022-2023', 'First', 60, 1000000223, 'ENROLLED', '2022-12-21 00:00:00', '2022-12-21 00:00:00', 'New'),
(220, '2022-2023', 'First', 60, 1000000223, 'ENROLLED', '2022-12-21 00:00:00', '2022-12-21 00:00:00', 'New'),
(221, '2022-2023', 'First', 60, 1000000223, 'ENROLLED', '2022-12-21 00:00:00', '2022-12-21 00:00:00', 'New'),
(222, '2022-2023', 'First', 60, 1000000223, 'ENROLLED', '2022-12-21 00:00:00', '2022-12-21 00:00:00', 'New'),
(223, '2022-2023', 'First', 60, 1000000223, 'ENROLLED', '2022-12-21 00:00:00', '2022-12-21 00:00:00', 'New'),
(224, '2022-2023', 'First', 60, 1000000223, 'ENROLLED', '2022-12-21 00:00:00', '2022-12-21 00:00:00', 'New'),
(225, '2022-2023', 'First', 60, 1000000223, 'ENROLLED', '2022-12-21 00:00:00', '2022-12-21 00:00:00', 'New'),
(226, '2022-2023', 'First', 60, 1000000210, 'ENROLLED', '2022-12-21 00:00:00', '2022-12-21 00:00:00', 'Old');

-- --------------------------------------------------------

--
-- Table structure for table `studentschedule`
--

CREATE TABLE `studentschedule` (
  `CLASS_ID` int(11) NOT NULL,
  `SUBJ_ID` int(11) NOT NULL,
  `schedID` int(11) NOT NULL,
  `AY` varchar(11) NOT NULL,
  `DAY` varchar(20) NOT NULL,
  `C_TIME` varchar(30) NOT NULL,
  `IDNO` int(11) NOT NULL,
  `ROOM` text NOT NULL,
  `CSECTION` varchar(30) NOT NULL DEFAULT 'NONE',
  `COURSE_ID` int(11) NOT NULL,
  `SEMESTER` varchar(30) NOT NULL
) ENGINE=InnoDB DEFAULT CHARSET=latin1;

-- --------------------------------------------------------

--
-- Table structure for table `studentsubjects`
--

CREATE TABLE `studentsubjects` (
  `STUDSUBJ_ID` int(11) NOT NULL,
  `IDNO` int(11) NOT NULL,
  `SUBJ_ID` int(11) NOT NULL,
  `LEVEL` int(11) NOT NULL,
  `SEMESTER` varchar(30) NOT NULL,
  `SY` text NOT NULL,
  `ATTEMP` int(11) NOT NULL,
  `AVERAGE` double NOT NULL,
  `OUTCOME` text NOT NULL
) ENGINE=InnoDB DEFAULT CHARSET=latin1;

--
-- Dumping data for table `studentsubjects`
--

INSERT INTO `studentsubjects` (`STUDSUBJ_ID`, `IDNO`, `SUBJ_ID`, `LEVEL`, `SEMESTER`, `SY`, `ATTEMP`, `AVERAGE`, `OUTCOME`) VALUES
(1527, 1000000205, 346, 1, 'First', '2022-2023', 1, 1, 'Passed'),
(1528, 1000000205, 347, 1, 'First', '2022-2023', 1, 1, 'Passed'),
(1529, 1000000205, 348, 1, 'First', '2022-2023', 1, 1, 'Passed'),
(1530, 1000000205, 349, 1, 'First', '2022-2023', 1, 1, 'Passed'),
(1531, 1000000205, 350, 1, 'First', '2022-2023', 1, 1, 'Passed'),
(1532, 1000000205, 351, 1, 'First', '2022-2023', 1, 1, 'Passed'),
(1533, 1000000205, 352, 1, 'First', '2022-2023', 1, 1, 'Passed'),
(1534, 1000000205, 353, 1, 'First', '2022-2023', 1, 1, 'Passed'),
(1535, 1000000205, 354, 1, 'First', '2022-2023', 1, 1, 'Passed'),
(1536, 1000000205, 355, 1, 'First', '2022-2023', 1, 1, 'Passed'),
(1537, 1000000205, 357, 1, 'Second', '2022-2023', 1, 0, ''),
(1538, 1000000205, 359, 1, 'Second', '2022-2023', 1, 0, ''),
(1539, 1000000205, 360, 1, 'Second', '2022-2023', 1, 0, ''),
(1540, 1000000205, 361, 1, 'Second', '2022-2023', 1, 0, ''),
(1541, 1000000205, 362, 1, 'Second', '2022-2023', 1, 0, ''),
(1542, 1000000205, 363, 1, 'Second', '2022-2023', 1, 0, ''),
(1543, 1000000205, 359, 1, 'Second', '2022-2023', 1, 0, ''),
(1544, 1000000205, 360, 1, 'Second', '2022-2023', 1, 0, ''),
(1545, 1000000207, 346, 1, 'First', '2022-2023', 1, 1, 'Passed'),
(1546, 1000000207, 347, 1, 'First', '2022-2023', 1, 1, 'Passed'),
(1547, 1000000207, 348, 1, 'First', '2022-2023', 1, 1, 'Passed'),
(1548, 1000000207, 349, 1, 'First', '2022-2023', 1, 1, 'Passed'),
(1549, 1000000207, 350, 1, 'First', '2022-2023', 1, 1, 'Passed'),
(1550, 1000000207, 351, 1, 'First', '2022-2023', 1, 1, 'Passed'),
(1551, 1000000207, 352, 1, 'First', '2022-2023', 1, 1, 'Passed'),
(1552, 1000000207, 353, 1, 'First', '2022-2023', 1, 1, 'Passed'),
(1553, 1000000207, 354, 1, 'First', '2022-2023', 1, 1, 'Passed'),
(1554, 1000000207, 355, 1, 'First', '2022-2023', 1, 1, 'Passed'),
(1555, 1000000207, 356, 1, 'Second', '2022-2023', 1, 0, ''),
(1556, 1000000207, 357, 1, 'Second', '2022-2023', 1, 0, ''),
(1557, 1000000207, 358, 1, 'Second', '2022-2023', 1, 0, ''),
(1558, 1000000207, 359, 1, 'Second', '2022-2023', 1, 0, ''),
(1559, 1000000207, 360, 1, 'Second', '2022-2023', 1, 0, ''),
(1560, 1000000207, 361, 1, 'Second', '2022-2023', 1, 0, ''),
(1561, 1000000207, 362, 1, 'Second', '2022-2023', 1, 0, ''),
(1562, 1000000207, 363, 1, 'Second', '2022-2023', 1, 0, ''),
(1563, 1000000207, 364, 1, 'Second', '2022-2023', 1, 0, ''),
(1564, 1000000210, 356, 1, 'Second', '2022-2023', 1, 1, 'Passed'),
(1565, 1000000210, 357, 1, 'Second', '2022-2023', 1, 1, 'Passed'),
(1566, 1000000210, 358, 1, 'Second', '2022-2023', 1, 1, 'Passed'),
(1567, 1000000210, 359, 1, 'Second', '2022-2023', 1, 1, 'Passed'),
(1568, 1000000210, 360, 1, 'Second', '2022-2023', 1, 1, 'Passed'),
(1569, 1000000210, 361, 1, 'Second', '2022-2023', 1, 1, 'Passed'),
(1570, 1000000210, 362, 1, 'Second', '2022-2023', 1, 1, 'Passed'),
(1571, 1000000210, 363, 1, 'Second', '2022-2023', 1, 1, 'Passed'),
(1572, 1000000210, 364, 1, 'Second', '2022-2023', 1, 1, 'Passed'),
(1573, 1000000211, 356, 1, 'Second', '2022-2023', 1, 1, 'Passed'),
(1574, 1000000211, 357, 1, 'Second', '2022-2023', 1, 1, 'Passed'),
(1575, 1000000211, 358, 1, 'Second', '2022-2023', 1, 1, 'Passed'),
(1576, 1000000211, 359, 1, 'Second', '2022-2023', 1, 1, 'Passed'),
(1577, 1000000211, 360, 1, 'Second', '2022-2023', 1, 1, 'Passed'),
(1578, 1000000211, 361, 1, 'Second', '2022-2023', 1, 1, 'Passed'),
(1579, 1000000211, 362, 1, 'Second', '2022-2023', 1, 1, 'Passed'),
(1580, 1000000211, 363, 1, 'Second', '2022-2023', 1, 1, 'Passed'),
(1581, 1000000211, 364, 1, 'Second', '2022-2023', 1, 1, 'Passed'),
(1582, 1000000211, 346, 1, 'First', '2022-2023', 1, 0, ''),
(1583, 1000000211, 347, 1, 'First', '2022-2023', 1, 0, ''),
(1584, 1000000211, 348, 1, 'First', '2022-2023', 1, 0, ''),
(1585, 1000000211, 349, 1, 'First', '2022-2023', 1, 0, ''),
(1586, 1000000211, 350, 1, 'First', '2022-2023', 1, 0, ''),
(1587, 1000000211, 351, 1, 'First', '2022-2023', 1, 0, ''),
(1588, 1000000211, 352, 1, 'First', '2022-2023', 1, 0, ''),
(1589, 1000000211, 353, 1, 'First', '2022-2023', 1, 0, ''),
(1590, 1000000211, 354, 1, 'First', '2022-2023', 1, 0, ''),
(1591, 1000000211, 355, 1, 'First', '2022-2023', 1, 0, ''),
(1592, 1000000211, 346, 1, 'First', '2022-2023', 1, 0, ''),
(1593, 1000000211, 347, 1, 'First', '2022-2023', 1, 0, ''),
(1594, 1000000211, 348, 1, 'First', '2022-2023', 1, 0, ''),
(1595, 1000000211, 349, 1, 'First', '2022-2023', 1, 0, ''),
(1596, 1000000211, 350, 1, 'First', '2022-2023', 1, 0, ''),
(1597, 1000000211, 351, 1, 'First', '2022-2023', 1, 0, ''),
(1598, 1000000211, 352, 1, 'First', '2022-2023', 1, 0, ''),
(1599, 1000000211, 353, 1, 'First', '2022-2023', 1, 0, ''),
(1600, 1000000211, 354, 1, 'First', '2022-2023', 1, 0, ''),
(1601, 1000000211, 355, 1, 'First', '2022-2023', 1, 0, ''),
(1602, 1000000211, 346, 1, 'First', '2022-2023', 1, 0, ''),
(1603, 1000000211, 347, 1, 'First', '2022-2023', 1, 0, ''),
(1604, 1000000211, 348, 1, 'First', '2022-2023', 1, 0, ''),
(1605, 1000000211, 349, 1, 'First', '2022-2023', 1, 0, ''),
(1606, 1000000211, 350, 1, 'First', '2022-2023', 1, 0, ''),
(1607, 1000000211, 351, 1, 'First', '2022-2023', 1, 0, ''),
(1608, 1000000211, 352, 1, 'First', '2022-2023', 1, 0, ''),
(1609, 1000000211, 353, 1, 'First', '2022-2023', 1, 0, ''),
(1610, 1000000211, 354, 1, 'First', '2022-2023', 1, 0, ''),
(1611, 1000000211, 355, 1, 'First', '2022-2023', 1, 0, ''),
(1612, 1000000211, 346, 1, 'First', '2022-2023', 1, 0, ''),
(1613, 1000000211, 347, 1, 'First', '2022-2023', 1, 0, ''),
(1614, 1000000211, 348, 1, 'First', '2022-2023', 1, 0, ''),
(1615, 1000000211, 349, 1, 'First', '2022-2023', 1, 0, ''),
(1616, 1000000211, 350, 1, 'First', '2022-2023', 1, 0, ''),
(1617, 1000000211, 351, 1, 'First', '2022-2023', 1, 0, ''),
(1618, 1000000211, 352, 1, 'First', '2022-2023', 1, 0, ''),
(1619, 1000000211, 353, 1, 'First', '2022-2023', 1, 0, ''),
(1620, 1000000211, 354, 1, 'First', '2022-2023', 1, 0, ''),
(1621, 1000000211, 355, 1, 'First', '2022-2023', 1, 0, ''),
(1622, 1000000211, 346, 1, 'First', '2022-2023', 1, 0, ''),
(1623, 1000000211, 347, 1, 'First', '2022-2023', 1, 0, ''),
(1624, 1000000211, 348, 1, 'First', '2022-2023', 1, 0, ''),
(1625, 1000000211, 349, 1, 'First', '2022-2023', 1, 0, ''),
(1626, 1000000211, 350, 1, 'First', '2022-2023', 1, 0, ''),
(1627, 1000000211, 351, 1, 'First', '2022-2023', 1, 0, ''),
(1628, 1000000211, 352, 1, 'First', '2022-2023', 1, 0, ''),
(1629, 1000000211, 353, 1, 'First', '2022-2023', 1, 0, ''),
(1630, 1000000211, 354, 1, 'First', '2022-2023', 1, 0, ''),
(1631, 1000000211, 355, 1, 'First', '2022-2023', 1, 0, ''),
(1632, 1000000211, 346, 1, 'First', '2022-2023', 1, 0, ''),
(1633, 1000000211, 347, 1, 'First', '2022-2023', 1, 0, ''),
(1634, 1000000211, 348, 1, 'First', '2022-2023', 1, 0, ''),
(1635, 1000000211, 349, 1, 'First', '2022-2023', 1, 0, ''),
(1636, 1000000211, 350, 1, 'First', '2022-2023', 1, 0, ''),
(1637, 1000000211, 351, 1, 'First', '2022-2023', 1, 0, ''),
(1638, 1000000211, 352, 1, 'First', '2022-2023', 1, 0, ''),
(1639, 1000000211, 353, 1, 'First', '2022-2023', 1, 0, ''),
(1640, 1000000211, 354, 1, 'First', '2022-2023', 1, 0, ''),
(1641, 1000000211, 355, 1, 'First', '2022-2023', 1, 0, ''),
(1642, 1000000211, 346, 1, 'First', '2022-2023', 1, 0, ''),
(1643, 1000000211, 347, 1, 'First', '2022-2023', 1, 0, ''),
(1644, 1000000211, 348, 1, 'First', '2022-2023', 1, 0, ''),
(1645, 1000000211, 349, 1, 'First', '2022-2023', 1, 0, ''),
(1646, 1000000211, 350, 1, 'First', '2022-2023', 1, 0, ''),
(1647, 1000000211, 351, 1, 'First', '2022-2023', 1, 0, ''),
(1648, 1000000211, 352, 1, 'First', '2022-2023', 1, 0, ''),
(1649, 1000000211, 353, 1, 'First', '2022-2023', 1, 0, ''),
(1650, 1000000211, 354, 1, 'First', '2022-2023', 1, 0, ''),
(1651, 1000000211, 355, 1, 'First', '2022-2023', 1, 0, ''),
(1652, 1000000211, 346, 1, 'First', '2022-2023', 1, 0, ''),
(1653, 1000000211, 347, 1, 'First', '2022-2023', 1, 0, ''),
(1654, 1000000211, 348, 1, 'First', '2022-2023', 1, 0, ''),
(1655, 1000000211, 349, 1, 'First', '2022-2023', 1, 0, ''),
(1656, 1000000211, 350, 1, 'First', '2022-2023', 1, 0, ''),
(1657, 1000000211, 351, 1, 'First', '2022-2023', 1, 0, ''),
(1658, 1000000211, 352, 1, 'First', '2022-2023', 1, 0, ''),
(1659, 1000000211, 353, 1, 'First', '2022-2023', 1, 0, ''),
(1660, 1000000211, 354, 1, 'First', '2022-2023', 1, 0, ''),
(1661, 1000000211, 355, 1, 'First', '2022-2023', 1, 0, ''),
(1662, 1000000211, 346, 1, 'First', '2022-2023', 1, 0, ''),
(1663, 1000000211, 347, 1, 'First', '2022-2023', 1, 0, ''),
(1664, 1000000211, 348, 1, 'First', '2022-2023', 1, 0, ''),
(1665, 1000000211, 349, 1, 'First', '2022-2023', 1, 0, ''),
(1666, 1000000211, 350, 1, 'First', '2022-2023', 1, 0, ''),
(1667, 1000000211, 351, 1, 'First', '2022-2023', 1, 0, ''),
(1668, 1000000211, 352, 1, 'First', '2022-2023', 1, 0, ''),
(1669, 1000000211, 353, 1, 'First', '2022-2023', 1, 0, ''),
(1670, 1000000211, 354, 1, 'First', '2022-2023', 1, 0, ''),
(1671, 1000000211, 355, 1, 'First', '2022-2023', 1, 0, ''),
(1672, 1000000223, 346, 2, 'First', '2022-2023', 0, 0, ''),
(1673, 1000000223, 347, 2, 'First', '2022-2023', 0, 0, ''),
(1674, 1000000223, 348, 2, 'First', '2022-2023', 0, 0, ''),
(1675, 1000000223, 349, 2, 'First', '2022-2023', 0, 0, ''),
(1676, 1000000223, 350, 2, 'First', '2022-2023', 0, 0, ''),
(1677, 1000000223, 352, 2, 'First', '2022-2023', 0, 0, ''),
(1678, 1000000223, 354, 2, 'First', '2022-2023', 0, 0, ''),
(1679, 1000000210, 346, 1, 'First', '2022-2023', 1, 0, ''),
(1680, 1000000210, 347, 1, 'First', '2022-2023', 1, 0, ''),
(1681, 1000000210, 348, 1, 'First', '2022-2023', 1, 0, ''),
(1682, 1000000210, 349, 1, 'First', '2022-2023', 1, 0, ''),
(1683, 1000000210, 350, 1, 'First', '2022-2023', 1, 0, ''),
(1684, 1000000210, 351, 1, 'First', '2022-2023', 1, 0, ''),
(1685, 1000000210, 352, 1, 'First', '2022-2023', 1, 0, ''),
(1686, 1000000210, 353, 1, 'First', '2022-2023', 1, 0, ''),
(1687, 1000000210, 354, 1, 'First', '2022-2023', 1, 0, ''),
(1688, 1000000210, 355, 1, 'First', '2022-2023', 1, 0, '');

-- --------------------------------------------------------

--
-- Table structure for table `subject`
--

CREATE TABLE `subject` (
  `SUBJ_ID` int(11) NOT NULL,
  `SUBJ_CODE` varchar(30) NOT NULL,
  `SUBJ_DESCRIPTION` varchar(255) NOT NULL,
  `UNIT` int(2) NOT NULL,
  `PRE_REQUISITE` varchar(30) NOT NULL DEFAULT 'None',
  `COURSE_ID` int(11) NOT NULL,
  `AY` varchar(30) NOT NULL,
  `SEMESTER` varchar(20) NOT NULL,
  `PreTaken` tinyint(1) NOT NULL
) ENGINE=InnoDB DEFAULT CHARSET=latin1;

--
-- Dumping data for table `subject`
--

INSERT INTO `subject` (`SUBJ_ID`, `SUBJ_CODE`, `SUBJ_DESCRIPTION`, `UNIT`, `PRE_REQUISITE`, `COURSE_ID`, `AY`, `SEMESTER`, `PreTaken`) VALUES
(346, 'IT 113', 'Introduction to Computing', 3, 'none', 60, '', 'First', 0),
(347, 'IT 134', 'Computer Programming', 4, 'none', 60, '', 'First', 0),
(348, 'GEN.ED. 001', 'Purposive Communication', 3, 'none', 60, '', 'First', 0),
(349, 'GEN. ED. 002', 'Understanding Self', 3, 'none', 60, '', 'First', 0),
(350, 'GEN. ED. 004', 'Mathematics in the Modern World', 3, 'none', 60, '', 'First', 0),
(351, 'GEN. ED 009', 'The Entrepreneurial Mind', 3, 'none', 60, '', 'First', 0),
(352, 'DRR 113', 'Disaster Risk Reduction and Education in Emergencies', 3, 'none', 60, '', 'First', 0),
(353, 'MATH ENHANCE 1', 'College Algebra & Trigonometry', 3, 'none', 60, '', 'First', 0),
(354, 'PATHFIT 112', 'Movement and Competency Training', 2, 'none', 60, '', 'First', 0),
(355, 'NSTP 113', 'CWTS, LTS, MTS(Naval or Air Force)', 3, 'none', 60, '', 'First', 0),
(356, 'IT 123', 'Introduction to Human Computer Interaction', 3, 'IT 134', 60, '', 'Second', 0),
(357, 'IT 143', 'Discrete Mathematics', 3, 'none', 60, '', 'Second', 0),
(358, 'IT 163', 'Computer Programming 2', 3, 'IT 134', 60, '', 'Second', 0),
(359, 'GEN. ED. 003', 'Readings in Philippine History', 3, 'none', 60, '', 'Second', 0),
(360, 'GEN. ED. 006', 'Ethics', 3, 'none', 60, '', 'Second', 0),
(361, 'GEN. ED. 007', 'The Contemporary World', 3, 'none', 60, '', 'Second', 0),
(362, 'GEN. ED. 010', 'Living in IT Era', 3, 'none', 60, '', 'Second', 0),
(363, 'PATHFIT 122', 'Fitness Training', 2, 'none', 60, '', 'Second', 0),
(364, 'NSTP 123', 'CWTS, LTS, MTS(Naval or Air Force)', 3, 'NSTP 113', 60, '', 'Second', 0),
(365, 'IT 213', 'Data Structure and Algorithm', 3, 'IT 134', 61, '', 'First', 0),
(366, 'IT 233', 'Object Oriented Programmin', 3, 'IT 163', 61, '', 'First', 0),
(367, 'IT 253', 'Platform Technologies', 3, 'IT 163', 61, '', 'First', 0),
(368, 'IT 273', 'Web System and Technologies', 3, 'none', 61, '', 'First', 0),
(369, 'IT 293', 'Statistics and Probability', 3, 'none', 61, '', 'First', 0),
(370, 'CCNA 213', 'Introduction to Networks', 3, 'IT 113', 61, '', 'First', 0),
(371, 'RIZAL 001', 'Rizal`s Life and Works', 3, 'none', 61, '', 'First', 0),
(372, 'PATHFIT 212', 'Dance, Sport, Group Exercise, Outdoor and Adventure Activities', 2, 'none', 61, '', 'First', 0),
(373, 'IT 223', 'Information Management', 3, 'IT 163', 61, '', 'Second', 0),
(374, 'IT 243', 'Quantitative Methods', 3, 'IT 143 & IT 163', 61, '', 'Second', 0),
(375, 'IT 263', 'Integrative Programming and Technologies', 3, 'IT 233 & IT 253', 61, '', 'Second', 0),
(376, 'CCNA 223', 'Routing and Switching Essentials', 3, 'CCNA 213', 61, '', 'Second', 0),
(377, 'GEN. ED. 005', 'Arts Appreciation ', 3, 'none', 61, '', 'Second', 0),
(378, 'GEN. ED. 008', 'Science, Technology and Society', 3, 'none', 61, '', 'Second', 0),
(379, 'LIT 001', 'Panitikang Filipino', 3, 'GEN. ED 001', 61, '', 'Second', 0),
(380, 'PATHFIT 222', 'Dance, Sport, Group Exercise, Outdoor and Adventure Activities', 2, 'none', 61, '', 'Second', 0),
(381, 'IT 313', 'Advance Database Systems', 3, 'IT 223', 62, '', 'First', 0),
(382, 'IT 333', 'System Analysis and Design', 3, 'IT 223', 62, '', 'First', 0),
(383, 'IT 353', 'Data Mining and Analytics', 3, 'IT 243', 62, '', 'First', 0),
(384, 'IT 353A', 'System Integration and Architecture 1', 3, 'IT 263', 62, '', 'Second', 0),
(385, 'IT 373', 'Web System and Technologies 2', 3, 'IT 273', 62, '', 'First', 0),
(386, 'IT 373A', 'Event-Driven Programming', 3, 'IT 213', 62, '', 'First', 0),
(387, 'IT 393', 'Social and Professional Issues', 3, 'none', 62, '', 'First', 0),
(388, 'CCNA 313', 'Scaling Networks', 3, 'CCNA 223', 62, '', 'First', 0),
(389, 'IT 323', 'Software Engineering', 3, 'IT 333 & 353', 62, '', 'Second', 0),
(390, 'IT 343', 'Multimedia Systems', 3, 'none', 62, '', 'Second', 0),
(391, 'IT 343A', 'IT Electives', 3, 'none', 62, '', 'Second', 0),
(392, 'IT 363', 'Information Assurance and Security 1', 3, 'IT 353A', 62, '', 'Second', 0),
(393, 'IT 363A', 'Application Development and Emerging Technologies', 3, 'IT 313', 62, '', 'Second', 0),
(394, 'CCNA 323', 'Connecting Networks', 3, 'CCNA 313', 62, '', 'Second', 0),
(395, 'IT 383', 'Integrative Programming and Technologies 2', 3, 'IT 263', 62, '', 'Second', 0),
(396, 'IT 383A', 'System Integration and Architecture 2', 3, 'IT 353A', 62, '', 'Second', 0),
(397, 'IT 303', 'Information Assurance and Security 2', 3, 'IT 363', 62, '', 'Summer', 0),
(398, 'IT 303A', 'Capstone Project and Research 1', 3, '4th Year Standing', 62, '', 'Summer', 0),
(399, 'IT 413', 'System Administration and Maintenance', 3, 'IT 303', 63, '', 'First', 0),
(400, 'IT 433', 'Capstone Project and Research 2', 3, 'IT 303A', 63, '', 'First', 0),
(401, 'IT 429', 'Practicum (min.486 hrs)', 9, '4th Year Standing', 63, '', 'Second', 0);

-- --------------------------------------------------------

--
-- Table structure for table `tblauto`
--

CREATE TABLE `tblauto` (
  `ID` int(11) NOT NULL,
  `autocode` varchar(255) DEFAULT NULL,
  `autoname` varchar(255) DEFAULT NULL,
  `appendchar` varchar(255) DEFAULT NULL,
  `autostart` int(11) DEFAULT 0,
  `autoend` int(11) DEFAULT 0,
  `incrementvalue` int(11) DEFAULT NULL
) ENGINE=MyISAM DEFAULT CHARSET=utf8;

--
-- Dumping data for table `tblauto`
--

INSERT INTO `tblauto` (`ID`, `autocode`, `autoname`, `appendchar`, `autostart`, `autoend`, `incrementvalue`) VALUES
(1, 'Asset', 'Asset', 'ASitem', 0, 3, 1),
(2, 'Trans', 'Transaction', 'TrAnS', 1, 5, 1),
(3, 'SIDNO', 'IDNO', '2015', 1000000, 225, 1),
(4, 'EMPLOYEE', 'EMPID', '020010', 0, 2, 1);

-- --------------------------------------------------------

--
-- Table structure for table `tblinstructor`
--

CREATE TABLE `tblinstructor` (
  `INST_ID` int(11) NOT NULL,
  `INST_NAME` varchar(90) NOT NULL,
  `INST_MAJOR` varchar(90) NOT NULL,
  `INST_CONTACT` varchar(30) NOT NULL
) ENGINE=InnoDB DEFAULT CHARSET=latin1;

--
-- Dumping data for table `tblinstructor`
--

INSERT INTO `tblinstructor` (`INST_ID`, `INST_NAME`, `INST_MAJOR`, `INST_CONTACT`) VALUES
(33, 'Liola S. Empimo', 'BSIT', '09765432121'),
(34, 'ENGR. Joseph Jaymel S. Morpos', 'BSIT', '0853432321'),
(35, 'Wilfred Jude A. Perante', 'BSIT', '06823154'),
(36, 'Romulo Joseph M. Jereza IV', 'Librarian', '0832441'),
(37, 'ENGR. Jude Alexes M. Ramas', 'BSIT', '095256531'),
(38, 'ENGR. Edward B. Bertulfo', 'BSIT', '099687351'),
(39, 'Marc Fritz Y. Aseo', 'BSIT', '067681'),
(40, 'Pol A. Miro', 'BSIT', '6435'),
(41, 'Cherry C. Bertulfo', 'arts', '06431231'),
(42, 'Maria Stephanie Lampong', 'math', '06654321'),
(43, 'Rosemarie G. Cellar', 'e-commerce', '09674'),
(44, 'Julios M. Ngoho', 'BSIT', '09634'),
(45, 'Jaime S. Condes', 'PHP', '09654324'),
(46, 'Bernie C. Palacio', 'DRR', '09543132'),
(47, 'Leo Ritchie M. Tugonon', 'BSIT', '09643'),
(48, 'MA. Janine Lyka M. Lumaad', 'filipino', '0786754'),
(49, 'Jotham Lopez', 'judicial', '094532412'),
(50, 'Wilson Pogosa', 'PE', '2965');

-- --------------------------------------------------------

--
-- Table structure for table `tbllogs`
--

CREATE TABLE `tbllogs` (
  `LOGID` int(11) NOT NULL,
  `USERID` int(11) NOT NULL,
  `LOGDATETIME` datetime NOT NULL,
  `LOGROLE` varchar(55) NOT NULL,
  `LOGMODE` varchar(55) NOT NULL
) ENGINE=InnoDB DEFAULT CHARSET=latin1;

--
-- Dumping data for table `tbllogs`
--

INSERT INTO `tbllogs` (`LOGID`, `USERID`, `LOGDATETIME`, `LOGROLE`, `LOGMODE`) VALUES
(1, 1, '2016-09-22 21:46:01', 'Administrator', 'Logged in'),
(2, 100000022, '2016-09-22 21:46:29', 'Student', 'Logged out'),
(3, 100000015, '2016-09-23 05:00:38', 'Student', 'Logged in'),
(4, 100000015, '2016-09-23 05:00:45', 'Student', 'Logged out'),
(5, 100000025, '2016-09-23 05:02:31', 'Student', 'Logged in'),
(6, 100000025, '2016-09-23 05:02:55', 'Student', 'Logged out'),
(7, 100000025, '2016-09-23 05:03:53', 'Student', 'Logged in'),
(8, 100000025, '2016-09-23 05:11:40', 'Student', 'Logged out'),
(44, 1, '2016-09-28 15:59:30', 'Administrator', 'Logged in'),
(45, 100000071, '2016-09-28 16:03:54', 'Student', 'Logged in'),
(46, 100000071, '2016-09-28 16:08:44', 'Student', 'Logged out'),
(47, 1, '2016-09-28 16:35:55', 'Administrator', 'Logged out'),
(48, 1, '2016-09-28 16:36:01', 'Administrator', 'Logged in'),
(49, 1, '2016-09-28 16:37:41', 'Administrator', 'Logged out'),
(50, 2, '2016-09-28 16:37:46', 'Registrar', 'Logged in'),
(51, 2, '2016-09-28 16:37:53', 'Registrar', 'Logged in'),
(52, 2, '2016-09-28 16:38:00', 'Registrar', 'Logged in'),
(53, 1, '2016-09-28 16:38:05', 'Administrator', 'Logged in'),
(54, 1, '2016-09-28 16:38:19', 'Administrator', 'Logged out'),
(55, 2, '2016-09-28 16:38:25', 'Registrar', 'Logged in'),
(56, 2, '2016-09-28 16:38:34', 'Registrar', 'Logged in'),
(57, 1, '2016-09-28 16:38:44', 'Administrator', 'Logged in'),
(58, 1, '2016-09-28 17:11:31', 'Administrator', 'Logged in'),
(59, 1, '2016-09-28 17:12:57', 'Administrator', 'Logged out'),
(60, 2, '2016-09-28 17:13:03', 'Registrar', 'Logged in'),
(61, 2, '2016-09-28 17:13:22', 'Registrar', 'Logged out'),
(62, 1, '2016-09-28 17:16:24', 'Administrator', 'Logged in'),
(63, 100000073, '2016-09-29 00:09:36', 'Student', 'Logged out'),
(64, 100000076, '2016-09-29 02:28:04', 'Student', 'Logged out'),
(65, 2, '2016-09-29 03:16:04', 'Registrar', 'Logged in'),
(66, 2, '2016-09-29 03:59:22', 'Registrar', 'Logged in'),
(67, 2, '2016-09-29 04:48:52', 'Registrar', 'Logged in'),
(68, 100000079, '2016-09-29 04:49:11', 'Student', 'Logged out'),
(69, 100000080, '2016-09-29 04:53:17', 'Student', 'Logged out'),
(70, 100000073, '2016-09-29 04:53:53', 'Student', 'Logged in'),
(71, 2, '2016-09-29 05:29:19', 'Registrar', 'Logged in'),
(72, 2, '2016-09-29 05:29:32', 'Registrar', 'Logged out'),
(73, 1, '2016-09-29 05:29:42', 'Administrator', 'Logged in'),
(74, 100000073, '2016-09-29 05:30:16', 'Student', 'Logged out'),
(75, 100000080, '2016-09-29 05:30:25', 'Student', 'Logged in'),
(76, 1, '2016-09-29 07:19:58', 'Administrator', 'Logged in'),
(77, 2, '2016-09-29 08:48:03', 'Registrar', 'Logged in'),
(78, 2, '2016-09-29 08:49:03', 'Registrar', 'Logged out'),
(79, 1, '2016-09-29 08:49:32', 'Administrator', 'Logged in'),
(80, 100000081, '2016-09-29 08:53:32', 'Student', 'Logged out'),
(81, 100000079, '2016-09-29 08:53:55', 'Student', 'Logged in'),
(82, 100000079, '2016-09-29 10:15:53', 'Student', 'Logged out'),
(83, 100000083, '2016-09-29 10:20:12', 'Student', 'Logged out'),
(84, 100000084, '2016-09-29 10:23:29', 'Student', 'Logged out'),
(85, 100000085, '2016-09-29 10:28:26', 'Student', 'Logged out'),
(86, 100000086, '2016-09-29 10:31:39', 'Student', 'Logged out'),
(87, 100000087, '2016-09-29 10:35:43', 'Student', 'Logged out'),
(88, 100000086, '2016-09-29 10:35:51', 'Student', 'Logged in'),
(89, 100000086, '2016-09-29 10:40:03', 'Student', 'Logged out'),
(90, 100000073, '2016-09-29 10:40:10', 'Student', 'Logged in'),
(91, 100000073, '2016-09-29 10:40:41', 'Student', 'Logged out'),
(92, 100000081, '2016-09-29 10:43:26', 'Student', 'Logged in'),
(93, 100000081, '2016-09-29 10:46:48', 'Student', 'Logged out'),
(94, 1, '2016-09-29 10:47:56', 'Administrator', 'Logged out'),
(95, 2, '2016-09-29 10:48:02', 'Registrar', 'Logged in'),
(96, 2, '2016-09-29 10:48:22', 'Registrar', 'Logged out'),
(97, 1, '2016-09-29 10:48:29', 'Administrator', 'Logged in'),
(98, 100000088, '2016-09-29 10:50:11', 'Student', 'Logged out'),
(99, 100000073, '2016-09-29 10:50:18', 'Student', 'Logged in'),
(100, 100000073, '2016-09-29 11:01:04', 'Student', 'Logged out'),
(101, 100000090, '2016-09-29 11:02:07', 'Student', 'Logged out'),
(102, 100000091, '2016-09-29 11:06:07', 'Student', 'Logged out'),
(103, 100000086, '2016-09-29 11:06:17', 'Student', 'Logged in'),
(104, 100000086, '2016-09-29 11:06:53', 'Student', 'Logged out'),
(105, 100000073, '2016-09-29 11:07:02', 'Student', 'Logged in'),
(106, 100000073, '2016-09-29 11:07:20', 'Student', 'Logged out'),
(107, 100000092, '2016-09-29 11:30:44', 'Student', 'Logged out'),
(108, 100000093, '2016-09-29 11:34:39', 'Student', 'Logged out'),
(109, 100000073, '2016-09-29 11:36:12', 'Student', 'Logged in'),
(110, 100000073, '2016-09-29 11:36:17', 'Student', 'Logged out'),
(111, 100000094, '2016-09-29 11:37:59', 'Student', 'Logged out'),
(112, 100000094, '2016-09-29 11:38:09', 'Student', 'Logged in'),
(113, 100000094, '2016-09-29 11:40:37', 'Student', 'Logged out'),
(114, 100000095, '2016-09-29 11:42:30', 'Student', 'Logged out'),
(115, 100000096, '2016-09-29 11:44:16', 'Student', 'Logged out'),
(116, 100000097, '2016-09-29 11:46:46', 'Student', 'Logged out'),
(117, 100000098, '2016-09-29 11:57:01', 'Student', 'Logged out'),
(118, 100000099, '2016-09-29 11:58:45', 'Student', 'Logged out'),
(119, 100000099, '2016-09-29 11:58:52', 'Student', 'Logged in'),
(120, 100000099, '2016-09-29 11:58:58', 'Student', 'Logged out'),
(121, 1000000100, '2016-09-29 12:01:01', 'Student', 'Logged out'),
(122, 1000000101, '2016-09-29 12:02:54', 'Student', 'Logged out'),
(123, 1000000102, '2016-09-29 12:04:18', 'Student', 'Logged out'),
(124, 1000000103, '2016-09-29 12:07:27', 'Student', 'Logged out'),
(125, 1000000104, '2016-09-29 12:08:50', 'Student', 'Logged out'),
(126, 1000000105, '2016-09-29 12:10:44', 'Student', 'Logged out'),
(127, 1000000106, '2016-09-29 12:13:13', 'Student', 'Logged out'),
(128, 1000000107, '2016-09-29 12:14:57', 'Student', 'Logged out'),
(129, 1000000108, '2016-09-29 12:16:53', 'Student', 'Logged out'),
(130, 1, '2016-09-29 16:37:39', 'Administrator', 'Logged in'),
(131, 1, '2016-09-29 16:38:17', 'Administrator', 'Logged out'),
(132, 1, '2016-09-29 16:38:21', 'Administrator', 'Logged in'),
(133, 1, '2016-09-29 16:39:19', 'Administrator', 'Logged out'),
(134, 1, '2016-09-29 16:39:23', 'Administrator', 'Logged in'),
(135, 1000000109, '2016-09-29 16:49:15', 'Student', 'Logged out'),
(136, 100000073, '0000-00-00 00:00:00', 'Student', 'Logged in'),
(137, 100000073, '2016-09-29 17:07:59', 'Student', 'Logged out'),
(138, 100000073, '0000-00-00 00:00:00', 'Student', 'Logged in'),
(139, 1, '2016-09-29 17:53:03', 'Administrator', 'Logged in'),
(140, 100000073, '2016-09-29 18:09:53', 'Student', 'Logged out'),
(141, 1000000110, '2016-09-29 18:15:25', 'Student', 'Logged out'),
(142, 1000000111, '2016-09-29 18:19:26', 'Student', 'Logged out'),
(143, 1000000112, '2016-09-29 18:22:58', 'Student', 'Logged out'),
(144, 1000000113, '2016-09-29 18:25:01', 'Student', 'Logged out'),
(145, 1000000114, '2016-09-29 18:26:55', 'Student', 'Logged out'),
(146, 1000000115, '2016-09-29 18:28:09', 'Student', 'Logged out'),
(147, 1000000116, '2016-09-29 18:29:09', 'Student', 'Logged out'),
(148, 1000000117, '2016-09-29 18:31:08', 'Student', 'Logged out'),
(149, 1000000118, '2016-09-29 18:32:45', 'Student', 'Logged out'),
(150, 1000000119, '2016-09-29 18:34:05', 'Student', 'Logged out'),
(151, 1000000120, '2016-09-29 18:43:34', 'Student', 'Logged out'),
(152, 1000000121, '2016-09-29 18:44:47', 'Student', 'Logged out'),
(153, 1000000122, '2016-09-29 18:45:53', 'Student', 'Logged out'),
(154, 1000000123, '2016-09-29 18:50:13', 'Student', 'Logged out'),
(155, 1000000124, '2016-09-29 18:51:24', 'Student', 'Logged out'),
(156, 1000000125, '2016-09-29 18:52:34', 'Student', 'Logged out'),
(157, 1000000126, '2016-09-29 18:53:39', 'Student', 'Logged out'),
(158, 1000000120, '2016-09-29 18:53:49', 'Student', 'Logged in'),
(159, 1000000120, '2016-09-29 18:54:03', 'Student', 'Logged out'),
(160, 1000000127, '2016-09-29 18:55:34', 'Student', 'Logged out'),
(161, 1000000128, '2016-09-29 18:56:39', 'Student', 'Logged out'),
(162, 1000000129, '2016-09-29 18:57:42', 'Student', 'Logged out'),
(163, 1000000130, '2016-09-29 18:59:04', 'Student', 'Logged out'),
(164, 1, '2016-09-29 19:07:28', 'Administrator', 'Logged in'),
(165, 1000000121, '2016-09-29 19:07:43', 'Student', 'Logged in'),
(166, 1000000121, '2016-09-29 19:07:50', 'Student', 'Logged out'),
(167, 1000000131, '2016-09-29 19:08:04', 'Student', 'Logged in'),
(168, 1000000131, '2016-09-29 19:08:39', 'Student', 'Logged out'),
(169, 1000000121, '2016-09-29 19:14:18', 'Student', 'Logged in'),
(170, 1000000121, '2016-09-29 19:15:12', 'Student', 'Logged out'),
(171, 1000000132, '2016-09-29 19:17:36', 'Student', 'Logged out'),
(172, 1, '2016-09-29 23:50:06', 'Administrator', 'Logged in'),
(173, 1, '2016-09-29 23:54:23', 'Administrator', 'Logged in'),
(174, 1000000133, '2016-09-30 01:34:28', 'Student', 'Logged out'),
(175, 1000000134, '2016-09-30 01:38:26', 'Student', 'Logged out'),
(176, 1000000135, '2016-09-30 01:44:48', 'Student', 'Logged out'),
(177, 1, '2016-09-30 01:46:34', 'Administrator', 'Logged in'),
(178, 1, '2016-09-30 02:42:22', 'Administrator', 'Logged in'),
(179, 1000000136, '2016-09-30 02:50:21', 'Student', 'Logged out'),
(180, 1000000137, '2016-09-30 03:23:48', 'Student', 'Logged out'),
(181, 100000073, '2016-09-30 03:23:57', 'Student', 'Logged in'),
(182, 1, '2016-10-03 00:58:29', 'Administrator', 'Logged in'),
(183, 1, '2016-10-04 09:59:35', 'Administrator', 'Logged in'),
(184, 100000087, '2016-10-04 10:05:41', 'Student', 'Logged in'),
(185, 100000087, '2016-10-04 10:09:59', 'Student', 'Logged out'),
(186, 1000000139, '2016-10-04 10:43:22', 'Student', 'Logged out'),
(187, 1, '2016-10-04 14:20:22', 'Administrator', 'Logged in'),
(188, 1, '2016-10-04 23:35:32', 'Administrator', 'Logged in'),
(189, 1000000116, '2016-10-05 01:21:09', 'Student', 'Logged in'),
(190, 1, '2016-10-05 01:34:20', 'Administrator', 'Logged in'),
(191, 1000000116, '2016-10-05 02:30:47', 'Student', 'Logged out'),
(192, 1000000133, '2016-10-05 02:30:55', 'Student', 'Logged in'),
(193, 1, '2016-10-05 02:59:26', 'Administrator', 'Logged in'),
(194, 1000000133, '2016-10-05 03:36:18', 'Student', 'Logged in'),
(195, 1000000133, '2016-10-05 03:49:32', 'Student', 'Logged out'),
(196, 1000000140, '0000-00-00 00:00:00', 'Student', 'Logged in'),
(197, 1000000140, '2016-10-05 06:50:22', 'Student', 'Logged out'),
(198, 100000077, '2016-10-05 06:50:30', 'Student', 'Logged in'),
(199, 100000077, '2016-10-05 06:51:25', 'Student', 'Logged out'),
(200, 1000000140, '2016-10-05 06:51:33', 'Student', 'Logged in'),
(201, 1000000140, '2016-10-05 06:52:38', 'Student', 'Logged out'),
(202, 1000000140, '0000-00-00 00:00:00', 'Student', 'Logged in'),
(203, 1000000140, '2016-10-05 06:53:27', 'Student', 'Logged out'),
(204, 100000077, '0000-00-00 00:00:00', 'Student', 'Logged in'),
(205, 100000077, '2016-10-05 06:59:20', 'Student', 'Logged out'),
(206, 1000000140, '2016-10-05 06:59:49', 'Student', 'Logged in'),
(207, 1000000140, '2016-10-05 07:02:13', 'Student', 'Logged out'),
(208, 1, '2016-10-05 08:55:14', 'Administrator', 'Logged in'),
(209, 1000000121, '0000-00-00 00:00:00', 'Student', 'Logged in'),
(210, 1000000121, '2016-10-05 09:28:07', 'Student', 'Logged out'),
(211, 1000000140, '2016-10-05 09:28:13', 'Student', 'Logged in'),
(212, 1000000142, '2016-10-06 08:40:16', 'Student', 'Logged out'),
(213, 1, '2016-10-06 08:44:09', 'Administrator', 'Logged in'),
(214, 1000000143, '2016-10-06 08:44:29', 'Student', 'Logged out'),
(215, 1000000144, '2016-10-06 08:48:51', 'Student', 'Logged out'),
(216, 1000000144, '2016-10-06 08:49:01', 'Student', 'Logged in'),
(217, 1000000144, '2016-10-06 08:49:10', 'Student', 'Logged out'),
(218, 1000000145, '2016-10-06 08:57:58', 'Student', 'Logged out'),
(219, 100000073, '0000-00-00 00:00:00', 'Student', 'Logged in'),
(220, 100000073, '2016-10-06 09:05:17', 'Student', 'Logged out'),
(221, 100000086, '2016-10-06 09:07:20', 'Student', 'Logged in'),
(222, 100000086, '2016-10-06 09:08:00', 'Student', 'Logged out'),
(223, 100000096, '2016-10-06 09:08:37', 'Student', 'Logged in'),
(224, 100000096, '2016-10-06 09:26:06', 'Student', 'Logged out'),
(225, 100000096, '0000-00-00 00:00:00', 'Student', 'Logged in'),
(226, 100000096, '2016-10-06 09:26:27', 'Student', 'Logged out'),
(227, 100000096, '2016-10-06 09:26:33', 'Student', 'Logged in'),
(228, 1, '2016-10-06 14:03:43', 'Administrator', 'Logged in'),
(229, 1000000146, '2016-10-06 14:16:14', 'Student', 'Logged out'),
(230, 100000073, '2016-10-06 14:16:25', 'Student', 'Logged in'),
(231, 1, '2016-10-06 14:16:41', 'Administrator', 'Logged in'),
(232, 100000073, '2016-10-06 14:45:24', 'Student', 'Logged out'),
(233, 100000073, '2016-10-06 14:49:12', 'Student', 'Logged in'),
(234, 100000073, '2016-10-06 15:20:54', 'Student', 'Logged out'),
(235, 100000096, '2016-10-06 15:21:07', 'Student', 'Logged in'),
(236, 100000096, '2016-10-06 15:29:37', 'Student', 'Logged out'),
(237, 100000096, '2016-10-06 15:29:57', 'Student', 'Logged in'),
(238, 100000096, '2016-10-06 15:31:13', 'Student', 'Logged out'),
(239, 100000096, '2016-10-06 15:50:34', 'Student', 'Logged in'),
(240, 1, '2016-10-07 00:26:28', 'Administrator', 'Logged in'),
(241, 1, '2016-10-07 01:09:04', 'Administrator', 'Logged in'),
(242, 100000073, '2016-10-07 01:17:39', 'Student', 'Logged in'),
(243, 100000073, '2016-10-07 01:20:53', 'Student', 'Logged out'),
(244, 1000000148, '2016-10-07 01:24:45', 'Student', 'Logged out'),
(245, 1000000149, '2016-10-07 01:40:59', 'Student', 'Logged out'),
(246, 100000096, '2016-10-07 01:41:53', 'Student', 'Logged in'),
(247, 100000096, '2016-10-07 02:24:12', 'Student', 'Logged out'),
(248, 1000000149, '2016-10-07 02:24:17', 'Student', 'Logged in'),
(249, 1000000149, '2016-10-07 06:27:56', 'Student', 'Logged out'),
(250, 1000000152, '2016-10-07 06:32:26', 'Student', 'Logged out'),
(251, 1000000153, '2016-10-07 06:34:59', 'Student', 'Logged out'),
(252, 1000000154, '2016-10-07 06:37:58', 'Student', 'Logged out'),
(253, 1000000155, '2016-10-07 06:39:39', 'Student', 'Logged out'),
(254, 1000000156, '2016-10-07 06:41:05', 'Student', 'Logged out'),
(255, 1000000157, '2016-10-07 06:44:26', 'Student', 'Logged out'),
(256, 1000000158, '2016-10-07 06:46:32', 'Student', 'Logged out'),
(257, 1000000159, '2016-10-07 06:48:24', 'Student', 'Logged out'),
(258, 1000000160, '2016-10-07 06:50:16', 'Student', 'Logged out'),
(259, 1000000161, '2016-10-07 07:14:03', 'Student', 'Logged out'),
(260, 1000000162, '2016-10-07 07:16:34', 'Student', 'Logged out'),
(261, 1000000140, '2016-10-07 07:16:48', 'Student', 'Logged in'),
(262, 1000000140, '2016-10-07 07:30:19', 'Student', 'Logged out'),
(263, 1000000140, '0000-00-00 00:00:00', 'Student', 'Logged in'),
(264, 1000000140, '2016-10-07 07:31:20', 'Student', 'Logged out'),
(265, 1000000161, '2016-10-07 07:31:28', 'Student', 'Logged in'),
(266, 1000000161, '2016-10-07 07:42:46', 'Student', 'Logged out'),
(267, 1000000161, '0000-00-00 00:00:00', 'Student', 'Logged in'),
(268, 1000000163, '2016-10-07 13:17:15', 'Student', 'Logged out'),
(269, 1000000164, '2016-10-07 13:20:44', 'Student', 'Logged out'),
(270, 1000000165, '2016-10-07 13:26:27', 'Student', 'Logged out'),
(271, 1000000166, '2016-10-07 13:30:09', 'Student', 'Logged out'),
(272, 1000000167, '2016-10-07 13:34:10', 'Student', 'Logged out'),
(273, 1000000168, '2016-10-07 13:37:31', 'Student', 'Logged out'),
(274, 1000000169, '2016-10-07 13:40:41', 'Student', 'Logged out'),
(275, 1000000170, '2016-10-07 13:42:53', 'Student', 'Logged out'),
(276, 1000000171, '2016-10-07 13:48:06', 'Student', 'Logged out'),
(277, 1000000172, '2016-10-07 13:50:37', 'Student', 'Logged out'),
(278, 1000000173, '2016-10-07 13:55:45', 'Student', 'Logged out'),
(279, 1000000174, '2016-10-07 14:01:20', 'Student', 'Logged out'),
(280, 1000000175, '2016-10-07 14:04:13', 'Student', 'Logged out'),
(281, 1000000176, '2016-10-07 14:06:41', 'Student', 'Logged out'),
(282, 1000000177, '2016-10-07 14:12:44', 'Student', 'Logged out'),
(283, 1, '2016-10-07 14:12:57', 'Administrator', 'Logged in'),
(284, 1000000140, '0000-00-00 00:00:00', 'Student', 'Logged in'),
(285, 1000000140, '2016-10-07 14:17:04', 'Student', 'Logged out'),
(286, 1000000178, '2016-10-07 14:24:09', 'Student', 'Logged out'),
(287, 1000000179, '2016-10-07 14:28:17', 'Student', 'Logged out'),
(288, 1000000180, '2016-10-07 14:32:34', 'Student', 'Logged out'),
(289, 1000000181, '2016-10-07 14:34:47', 'Student', 'Logged out'),
(290, 1000000182, '2016-10-07 14:56:22', 'Student', 'Logged out'),
(291, 1000000140, '0000-00-00 00:00:00', 'Student', 'Logged in'),
(292, 1000000140, '2016-10-07 15:01:26', 'Student', 'Logged out'),
(293, 1000000183, '2016-10-07 15:03:38', 'Student', 'Logged out'),
(294, 1000000184, '2016-10-07 15:07:07', 'Student', 'Logged out'),
(295, 1000000185, '2016-10-07 15:16:27', 'Student', 'Logged out'),
(296, 1000000186, '2016-10-07 15:18:29', 'Student', 'Logged out'),
(297, 1000000187, '2016-10-07 15:19:53', 'Student', 'Logged out'),
(298, 1000000188, '2016-10-07 15:21:13', 'Student', 'Logged out'),
(299, 1000000189, '2016-10-07 15:22:55', 'Student', 'Logged out'),
(300, 1000000190, '2016-10-07 15:24:47', 'Student', 'Logged out'),
(301, 1000000191, '2016-10-07 15:26:21', 'Student', 'Logged out'),
(302, 1000000192, '2016-10-07 15:28:19', 'Student', 'Logged out'),
(303, 1000000193, '2016-10-07 15:29:59', 'Student', 'Logged out'),
(304, 1000000194, '2016-10-07 15:31:22', 'Student', 'Logged out'),
(305, 1000000195, '2016-10-07 15:33:16', 'Student', 'Logged out'),
(306, 1000000196, '2016-10-07 15:34:57', 'Student', 'Logged out'),
(307, 1000000197, '2016-10-07 15:36:17', 'Student', 'Logged out'),
(308, 1000000198, '2016-10-07 15:37:54', 'Student', 'Logged out'),
(309, 1000000199, '2016-10-07 15:39:23', 'Student', 'Logged out'),
(310, 1000000200, '2016-10-07 15:41:08', 'Student', 'Logged out'),
(311, 1000000201, '2016-10-07 15:50:13', 'Student', 'Logged out'),
(312, 1000000167, '2016-10-07 15:54:23', 'Student', 'Logged in'),
(313, 1000000167, '2016-10-07 15:55:46', 'Student', 'Logged out'),
(314, 1000000166, '0000-00-00 00:00:00', 'Student', 'Logged in'),
(315, 1000000166, '2016-10-07 15:58:22', 'Student', 'Logged out'),
(316, 1000000168, '0000-00-00 00:00:00', 'Student', 'Logged in'),
(317, 1000000168, '2016-10-07 15:59:13', 'Student', 'Logged out'),
(318, 1000000174, '0000-00-00 00:00:00', 'Student', 'Logged in'),
(319, 1000000174, '2016-10-07 16:00:36', 'Student', 'Logged out'),
(320, 1000000201, '2016-10-07 16:00:45', 'Student', 'Logged in'),
(321, 1000000201, '2016-10-07 16:04:18', 'Student', 'Logged out'),
(322, 1000000201, '2016-10-07 16:04:26', 'Student', 'Logged in'),
(323, 1000000201, '2016-10-07 16:12:13', 'Student', 'Logged out'),
(324, 100000098, '2016-10-07 16:12:21', 'Student', 'Logged in'),
(325, 100000098, '2016-10-07 16:21:49', 'Student', 'Logged out'),
(326, 100000077, '0000-00-00 00:00:00', 'Student', 'Logged in'),
(327, 100000077, '2016-10-07 16:23:43', 'Student', 'Logged out'),
(328, 1000000102, '2016-10-07 16:25:15', 'Student', 'Logged in'),
(329, 1000000102, '2016-10-07 17:35:17', 'Student', 'Logged out'),
(330, 1000000100, '2016-10-07 17:36:28', 'Student', 'Logged in'),
(331, 1000000100, '2016-10-07 18:14:44', 'Student', 'Logged out'),
(332, 100000098, '2016-10-07 18:14:54', 'Student', 'Logged in'),
(333, 100000098, '2016-10-07 18:24:59', 'Student', 'Logged out'),
(334, 1000000201, '2016-10-07 18:25:05', 'Student', 'Logged in'),
(335, 1000000201, '2016-10-07 18:32:57', 'Student', 'Logged out'),
(336, 1000000156, '2016-10-07 18:33:06', 'Student', 'Logged in'),
(337, 1000000156, '2016-10-07 19:07:05', 'Student', 'Logged out'),
(338, 100000098, '2016-10-07 19:07:23', 'Student', 'Logged in'),
(339, 1, '2022-12-03 03:35:09', 'Administrator', 'Logged in'),
(340, 2, '2022-12-03 03:35:26', 'Registrar', 'Logged in'),
(341, 1000000202, '2022-12-03 03:47:09', 'Student', 'Logged out'),
(342, 1000000202, '2022-12-03 03:56:55', 'Student', 'Logged out'),
(343, 1000000202, '2022-12-03 04:22:50', 'Student', 'Logged in'),
(344, 1000000202, '2022-12-03 04:33:36', 'Student', 'Logged out'),
(345, 1000000202, '2022-12-03 05:30:48', 'Student', 'Logged in'),
(346, 1000000202, '2022-12-03 05:31:01', 'Student', 'Logged out'),
(347, 1, '2022-12-03 08:15:49', 'Administrator', 'Logged in'),
(348, 2, '2022-12-03 08:34:17', 'Registrar', 'Logged in'),
(349, 1000000202, '2022-12-04 18:59:47', 'Student', 'Logged in'),
(350, 1000000202, '2022-12-08 02:07:41', 'Student', 'Logged in'),
(351, 1, '2022-12-08 02:24:12', 'Administrator', 'Logged in'),
(352, 1, '2022-12-09 02:41:25', 'Administrator', 'Logged in'),
(353, 1000000203, '2022-12-09 02:46:27', 'Student', 'Logged out'),
(354, 1000000202, '2022-12-09 02:46:34', 'Student', 'Logged in'),
(355, 1, '2022-12-11 02:42:48', 'Administrator', 'Logged in'),
(356, 1000000202, '2022-12-11 02:43:30', 'Student', 'Logged in'),
(357, 1, '2022-12-13 09:48:18', 'Administrator', 'Logged in'),
(358, 1000000202, '2022-12-13 10:02:52', 'Student', 'Logged in'),
(359, 1000000202, '2022-12-13 10:06:34', 'Student', 'Logged out'),
(360, 1, '2022-12-15 02:15:51', 'Administrator', 'Logged in'),
(361, 1, '2022-12-16 00:44:38', 'Administrator', 'Logged in'),
(362, 1000000205, '2022-12-16 02:20:23', 'Student', 'Logged out'),
(363, 1, '2022-12-17 03:39:46', 'Administrator', 'Logged in'),
(364, 1, '2022-12-19 12:37:00', 'Administrator', 'Logged in'),
(365, 1, '2022-12-20 03:47:03', 'Administrator', 'Logged in'),
(366, 1, '2022-12-21 00:52:44', 'Administrator', 'Logged in'),
(367, 1000000221, '2022-12-21 00:56:41', 'Student', 'Logged out'),
(368, 1000000222, '2022-12-21 01:21:09', 'Student', 'Logged out'),
(369, 1000000221, '2022-12-21 03:43:30', 'Student', 'Logged in'),
(370, 1, '2022-12-21 03:44:02', 'Administrator', 'Logged in'),
(371, 1000000221, '2022-12-21 03:45:28', 'Student', 'Logged out'),
(372, 1000000210, '2022-12-21 03:45:39', 'Student', 'Logged in');

-- --------------------------------------------------------

--
-- Table structure for table `tblpayment`
--

CREATE TABLE `tblpayment` (
  `PAYMENTID` int(11) NOT NULL,
  `IDNO` int(11) NOT NULL,
  `COURSE_ID` int(11) NOT NULL,
  `COURSE_LEVEL` int(11) NOT NULL,
  `SEMESTER` varchar(30) NOT NULL,
  `ENTRANCEFEE` double NOT NULL,
  `TOTALUNITS` double NOT NULL,
  `TOTALSEMESTER` double NOT NULL,
  `PARTIALPAYMENT` double NOT NULL DEFAULT 2000,
  `BALANCE` double NOT NULL
) ENGINE=InnoDB DEFAULT CHARSET=latin1;

--
-- Dumping data for table `tblpayment`
--

INSERT INTO `tblpayment` (`PAYMENTID`, `IDNO`, `COURSE_ID`, `COURSE_LEVEL`, `SEMESTER`, `ENTRANCEFEE`, `TOTALUNITS`, `TOTALSEMESTER`, `PARTIALPAYMENT`, `BALANCE`) VALUES
(47, 1000000205, 60, 1, 'Second', 5693, 4807, 10500, 0, 0),
(48, 1000000207, 60, 1, 'Second', 5693, 627, 6320, 0, 0),
(49, 1000000211, 60, 1, 'First', 5693, 627, 6320, 0, 0),
(50, 1000000211, 60, 1, 'First', 5693, 627, 6320, 0, 0),
(51, 1000000211, 60, 1, 'First', 5693, 627, 6320, 0, 0),
(52, 1000000211, 60, 1, 'First', 5693, 627, 6320, 0, 0),
(53, 1000000211, 60, 1, 'First', 5693, 627, 6320, 0, 0),
(54, 1000000211, 60, 1, 'First', 5693, 627, 6320, 0, 0),
(55, 1000000211, 60, 1, 'First', 5693, 627, 6320, 0, 0),
(56, 1000000211, 60, 1, 'First', 5693, 627, 6320, 0, 0),
(57, 1000000211, 60, 1, 'First', 5693, 627, 6320, 0, 0),
(58, 1000000210, 60, 1, 'First', 5693, 627, 6320, 0, 0);

-- --------------------------------------------------------

--
-- Table structure for table `tblschedule`
--

CREATE TABLE `tblschedule` (
  `schedID` int(11) NOT NULL,
  `TIME_FROM` varchar(90) NOT NULL,
  `TIME_TO` varchar(90) NOT NULL,
  `sched_time` varchar(30) NOT NULL,
  `sched_day` varchar(30) NOT NULL,
  `sched_semester` varchar(30) NOT NULL,
  `sched_sy` varchar(30) NOT NULL,
  `sched_room` varchar(30) NOT NULL,
  `SECTION` varchar(30) NOT NULL,
  `COURSE_ID` int(11) NOT NULL,
  `SUBJ_ID` int(11) NOT NULL,
  `INST_ID` int(11) NOT NULL
) ENGINE=InnoDB DEFAULT CHARSET=latin1;

--
-- Dumping data for table `tblschedule`
--

INSERT INTO `tblschedule` (`schedID`, `TIME_FROM`, `TIME_TO`, `sched_time`, `sched_day`, `sched_semester`, `sched_sy`, `sched_room`, `SECTION`, `COURSE_ID`, `SUBJ_ID`, `INST_ID`) VALUES
(413, '09:00 am', '12:00 am', '09:00 am-12:00 am', 'Monday', 'First', '2022-2023', '1', '1', 60, 346, 33),
(414, '01:00 pm', '04:00 pm', '01:00 pm-04:00 pm', 'Monday', 'First', '2022-2023', '1', '1', 60, 347, 34),
(415, '05:15 pm', '08:15 pm', '05:15 pm-08:15 pm', 'Tuesday', 'First', '2022-2023', '1', '1', 60, 348, 47),
(416, '09:00 am', '12:00 am', '09:00 am-12:00 am', 'Wednesday', 'First', '2022-2023', '1', '1', 60, 349, 49),
(417, '01:00 pm', '04:00 pm', '01:00 pm-04:00 pm', 'Wednesday', 'First', '2022-2023', '1', '1', 60, 350, 42),
(418, '09:00 am', '12:00 am', '09:00 am-12:00 am', 'Thursday', 'First', '2022-2023', '1', '1', 60, 351, 43),
(419, '01:00 pm', '04:00 pm', '01:00 pm-04:00 pm', 'Thursday', 'First', '2022-2023', '1', '1', 60, 352, 47),
(420, '09:00 am', '12:00 am', '09:00 am-12:00 am', 'Friday', 'First', '2022-2023', '1', '1', 60, 353, 37),
(421, '01:00 pm', '04:00 pm', '01:00 pm-04:00 pm', 'Friday', 'First', '2022-2023', '1', '1', 60, 354, 50),
(422, '09:00 am', '12:00 pm', '09:00 am-12:00 pm', 'Saturday', 'First', '2022-2023', '1', '1', 60, 355, 38),
(423, '09:00 am', '12:00 am', '09:00 am-12:00 am', 'Monday', 'Second', '2022-2023', '2', '1', 60, 356, 35),
(424, '01:00 pm', '04:00 pm', '01:00 pm-04:00 pm', 'Monday', 'Second', '2022-2023', '2', '1', 60, 357, 42),
(425, '10:00 am', '12:00 am', '10:00 am-12:00 am', 'Tuesday', 'Second', '2022-2023', '2', '1', 60, 358, 34),
(426, '01:00 pm', '04:00 pm', '01:00 pm-04:00 pm', 'Tuesday', 'Second', '2022-2023', '2', '1', 60, 359, 49),
(427, '08:00 am', '10:00 am', '08:00 am-10:00 am', 'Wednesday', 'Second', '2022-2023', '2', '1', 60, 360, 49),
(428, '01:00 pm', '04:00 pm', '01:00 pm-04:00 pm', 'Thursday', 'Second', '2022-2023', '2', '1', 60, 361, 48),
(429, '09:00 am', '12:00 am', '09:00 am-12:00 am', 'Friday', 'Second', '2022-2023', '2', '1', 60, 362, 33),
(430, '02:00 pm', '04:00 pm', '02:00 pm-04:00 pm', 'Friday', 'Second', '2022-2023', '2', '1', 60, 363, 50),
(431, '10:00 am', '12:00 am', '10:00 am-12:00 am', 'Saturday', 'Second', '2022-2023', '2', '1', 60, 364, 38),
(432, '08:00 am', '10:00 am', '08:00 am-10:00 am', 'Monday', 'First', '2022-2023', '3', '1', 61, 365, 33);

-- --------------------------------------------------------

--
-- Table structure for table `tblsemester`
--

CREATE TABLE `tblsemester` (
  `SEMID` int(11) NOT NULL,
  `SEMESTER` varchar(90) NOT NULL,
  `SETSEM` tinyint(1) NOT NULL
) ENGINE=InnoDB DEFAULT CHARSET=latin1;

--
-- Dumping data for table `tblsemester`
--

INSERT INTO `tblsemester` (`SEMID`, `SEMESTER`, `SETSEM`) VALUES
(1, 'First', 1),
(2, 'Second', 0);

-- --------------------------------------------------------

--
-- Table structure for table `tblstuddetails`
--

CREATE TABLE `tblstuddetails` (
  `DETAIL_ID` int(11) NOT NULL,
  `GUARDIAN` varchar(255) NOT NULL,
  `GUARDIAN_ADDRESS` varchar(255) NOT NULL,
  `GCONTACT` varchar(40) NOT NULL,
  `IDNO` int(30) NOT NULL
) ENGINE=InnoDB DEFAULT CHARSET=latin1;

--
-- Dumping data for table `tblstuddetails`
--

INSERT INTO `tblstuddetails` (`DETAIL_ID`, `GUARDIAN`, `GUARDIAN_ADDRESS`, `GCONTACT`, `IDNO`) VALUES
(134, 'helen', '', '0956231', 1000000205),
(135, 'helan', '', '2314125', 1000000207),
(136, 'helen', '', '08333323', 1000000209),
(137, 'helen', '', '0665511', 1000000210),
(138, 'helen', '', '09542312', 1000000211),
(139, 'helen', '', '29656', 1000000221),
(140, 'ehhan', '', '9644511', 1000000222),
(141, 'helen', '', '26565', 1000000223);

-- --------------------------------------------------------

--
-- Table structure for table `tblstudent`
--

CREATE TABLE `tblstudent` (
  `S_ID` int(11) NOT NULL,
  `IDNO` int(20) NOT NULL,
  `FNAME` varchar(40) NOT NULL,
  `LNAME` varchar(40) NOT NULL,
  `MNAME` varchar(40) NOT NULL,
  `SEX` varchar(10) NOT NULL DEFAULT 'Male',
  `BDAY` date NOT NULL,
  `BPLACE` text NOT NULL,
  `STATUS` varchar(30) NOT NULL,
  `AGE` int(30) NOT NULL,
  `NATIONALITY` varchar(40) NOT NULL,
  `RELIGION` varchar(255) NOT NULL,
  `CONTACT_NO` varchar(40) NOT NULL,
  `HOME_ADD` text NOT NULL,
  `email` varchar(20) NOT NULL,
  `ACC_USERNAME` varchar(255) NOT NULL,
  `ACC_PASSWORD` text NOT NULL,
  `student_status` text NOT NULL,
  `YEARLEVEL` int(11) NOT NULL,
  `STUDSECTION` int(11) NOT NULL,
  `COURSE_ID` int(11) NOT NULL,
  `STUDPHOTO` varchar(255) NOT NULL,
  `SEMESTER` varchar(30) NOT NULL,
  `SYEAR` varchar(30) NOT NULL,
  `NewEnrollees` tinyint(1) NOT NULL
) ENGINE=InnoDB DEFAULT CHARSET=latin1;

--
-- Dumping data for table `tblstudent`
--

INSERT INTO `tblstudent` (`S_ID`, `IDNO`, `FNAME`, `LNAME`, `MNAME`, `SEX`, `BDAY`, `BPLACE`, `STATUS`, `AGE`, `NATIONALITY`, `RELIGION`, `CONTACT_NO`, `HOME_ADD`, `email`, `ACC_USERNAME`, `ACC_PASSWORD`, `student_status`, `YEARLEVEL`, `STUDSECTION`, `COURSE_ID`, `STUDPHOTO`, `SEMESTER`, `SYEAR`, `NewEnrollees`) VALUES
(133, 1000000205, 'emmanuel', 'Angelo', 'T', 'Male', '2002-04-12', 'isabel', 'Single', 0, 'filipino', 'catholic', '098454321', 'luna', '', 'yatdwi', 'bd234ba4276433f0e5fc7a8fa2d18274fa711567', 'Irregular', 1, 1, 60, '', 'First', '', 0),
(134, 1000000207, 'mawe', 'angel', 'q', 'Female', '2004-02-02', 'isabel', 'Single', 0, '0684221', 'catholic', '0684221', 'khan', '', 'yatdwi32', 'bd234ba4276433f0e5fc7a8fa2d18274fa711567', 'Regular', 1, 1, 60, '', 'First', '', 0),
(136, 1000000210, 'mawe', 'angelo', 't', 'Male', '2002-04-15', 'isabel', 'Single', 0, 'filipino', 'catholic', '0654132', 'luna', 'eangelo573@gmail.com', 'yatdwi22', 'bd234ba4276433f0e5fc7a8fa2d18274fa711567', 'Regular', 1, 1, 60, '', 'Second', '', 0),
(137, 1000000211, 'emm', 'ang', 't', 'Male', '2000-09-08', 'isabel', 'Single', 0, 'filipino', 'catholic', '50540054', 'luna', 'eangelo5273@gmail.co', 'eangelo', 'bd234ba4276433f0e5fc7a8fa2d18274fa711567', 'Regular', 1, 1, 60, '', 'Second', '', 0),
(138, 1000000221, 'emmanuel', 'joyo', 'e', 'Female', '2041-02-02', 'isabel', 'Single', 0, '092124783', 'catholic', '092124783', 'luna', 'eangelo573@gmail.com', 'emman', 'bd234ba4276433f0e5fc7a8fa2d18274fa711567', 'New', 1, 0, 60, '', 'First', '', 1),
(139, 1000000222, 'emmanuel', 'wda', 'w', 'Female', '2002-02-02', 'isabel', 'Single', 0, '095215462', 'catholic', '095215462', 'ewad', 'eangelo573@gmail.com', 'emma123', 'bd234ba4276433f0e5fc7a8fa2d18274fa711567', 'Transferee', 1, 0, 60, '', 'First', '', 1),
(140, 1000000223, 'emmanuel', 'dwa', 'w', 'Male', '2000-02-20', 'kuna', 'Married', 0, 'filipino', 'catholic', '08997979', 'dwasdas', 'eangelo573@gmail.com', 'enna1', 'bd234ba4276433f0e5fc7a8fa2d18274fa711567', 'Transferee', 2, 1, 61, '', 'First', '', 0);

-- --------------------------------------------------------

--
-- Table structure for table `useraccounts`
--

CREATE TABLE `useraccounts` (
  `ACCOUNT_ID` int(11) NOT NULL,
  `ACCOUNT_NAME` varchar(255) NOT NULL,
  `ACCOUNT_USERNAME` varchar(255) NOT NULL,
  `ACCOUNT_PASSWORD` text NOT NULL,
  `ACCOUNT_TYPE` varchar(30) NOT NULL,
  `EMPID` int(11) NOT NULL,
  `USERIMAGE` varchar(255) NOT NULL
) ENGINE=InnoDB DEFAULT CHARSET=latin1;

--
-- Dumping data for table `useraccounts`
--

INSERT INTO `useraccounts` (`ACCOUNT_ID`, `ACCOUNT_NAME`, `ACCOUNT_USERNAME`, `ACCOUNT_PASSWORD`, `ACCOUNT_TYPE`, `EMPID`, `USERIMAGE`) VALUES
(1, 'Emmanuel Angelo', 'admin', 'd033e22ae348aeb5660fc2140aec35850c4da997', 'Administrator', 1234, 'photos/LoginRed.jpg'),
(2, 'Norhan Alamada', 'norhan', 'd033e22ae348aeb5660fc2140aec35850c4da997', 'Registrar', 0, '');

--
-- Indexes for dumped tables
--

--
-- Indexes for table `course`
--
ALTER TABLE `course`
  ADD PRIMARY KEY (`COURSE_ID`),
  ADD KEY `DEPT_ID` (`DEPT_ID`);

--
-- Indexes for table `department`
--
ALTER TABLE `department`
  ADD PRIMARY KEY (`DEPT_ID`);

--
-- Indexes for table `grades`
--
ALTER TABLE `grades`
  ADD PRIMARY KEY (`GRADE_ID`),
  ADD KEY `IDNO` (`IDNO`);

--
-- Indexes for table `schoolyr`
--
ALTER TABLE `schoolyr`
  ADD PRIMARY KEY (`SYID`),
  ADD KEY `IDNO` (`IDNO`);

--
-- Indexes for table `studentschedule`
--
ALTER TABLE `studentschedule`
  ADD PRIMARY KEY (`CLASS_ID`),
  ADD KEY `IDNO` (`IDNO`),
  ADD KEY `schedID` (`schedID`);

--
-- Indexes for table `studentsubjects`
--
ALTER TABLE `studentsubjects`
  ADD PRIMARY KEY (`STUDSUBJ_ID`),
  ADD KEY `IDNO` (`IDNO`),
  ADD KEY `SUBJ_ID` (`SUBJ_ID`);

--
-- Indexes for table `subject`
--
ALTER TABLE `subject`
  ADD PRIMARY KEY (`SUBJ_ID`),
  ADD KEY `COURSE_ID` (`COURSE_ID`);

--
-- Indexes for table `tblauto`
--
ALTER TABLE `tblauto`
  ADD PRIMARY KEY (`ID`),
  ADD KEY `autocode` (`autocode`);

--
-- Indexes for table `tblinstructor`
--
ALTER TABLE `tblinstructor`
  ADD PRIMARY KEY (`INST_ID`);

--
-- Indexes for table `tbllogs`
--
ALTER TABLE `tbllogs`
  ADD PRIMARY KEY (`LOGID`);

--
-- Indexes for table `tblpayment`
--
ALTER TABLE `tblpayment`
  ADD PRIMARY KEY (`PAYMENTID`),
  ADD KEY `IDNO` (`IDNO`);

--
-- Indexes for table `tblschedule`
--
ALTER TABLE `tblschedule`
  ADD PRIMARY KEY (`schedID`),
  ADD KEY `COURSE_ID` (`COURSE_ID`),
  ADD KEY `SUBJ_ID` (`SUBJ_ID`);

--
-- Indexes for table `tblsemester`
--
ALTER TABLE `tblsemester`
  ADD PRIMARY KEY (`SEMID`);

--
-- Indexes for table `tblstuddetails`
--
ALTER TABLE `tblstuddetails`
  ADD PRIMARY KEY (`DETAIL_ID`),
  ADD KEY `IDNO` (`IDNO`);

--
-- Indexes for table `tblstudent`
--
ALTER TABLE `tblstudent`
  ADD PRIMARY KEY (`S_ID`),
  ADD UNIQUE KEY `IDNO` (`IDNO`);

--
-- Indexes for table `useraccounts`
--
ALTER TABLE `useraccounts`
  ADD PRIMARY KEY (`ACCOUNT_ID`),
  ADD UNIQUE KEY `ACCOUNT_USERNAME` (`ACCOUNT_USERNAME`);

--
-- AUTO_INCREMENT for dumped tables
--

--
-- AUTO_INCREMENT for table `course`
--
ALTER TABLE `course`
  MODIFY `COURSE_ID` int(11) NOT NULL AUTO_INCREMENT, AUTO_INCREMENT=64;

--
-- AUTO_INCREMENT for table `department`
--
ALTER TABLE `department`
  MODIFY `DEPT_ID` int(11) NOT NULL AUTO_INCREMENT, AUTO_INCREMENT=38;

--
-- AUTO_INCREMENT for table `grades`
--
ALTER TABLE `grades`
  MODIFY `GRADE_ID` int(11) NOT NULL AUTO_INCREMENT, AUTO_INCREMENT=1695;

--
-- AUTO_INCREMENT for table `schoolyr`
--
ALTER TABLE `schoolyr`
  MODIFY `SYID` int(11) NOT NULL AUTO_INCREMENT, AUTO_INCREMENT=227;

--
-- AUTO_INCREMENT for table `studentschedule`
--
ALTER TABLE `studentschedule`
  MODIFY `CLASS_ID` int(11) NOT NULL AUTO_INCREMENT;

--
-- AUTO_INCREMENT for table `studentsubjects`
--
ALTER TABLE `studentsubjects`
  MODIFY `STUDSUBJ_ID` int(11) NOT NULL AUTO_INCREMENT, AUTO_INCREMENT=1689;

--
-- AUTO_INCREMENT for table `subject`
--
ALTER TABLE `subject`
  MODIFY `SUBJ_ID` int(11) NOT NULL AUTO_INCREMENT, AUTO_INCREMENT=402;

--
-- AUTO_INCREMENT for table `tblauto`
--
ALTER TABLE `tblauto`
  MODIFY `ID` int(11) NOT NULL AUTO_INCREMENT, AUTO_INCREMENT=5;

--
-- AUTO_INCREMENT for table `tblinstructor`
--
ALTER TABLE `tblinstructor`
  MODIFY `INST_ID` int(11) NOT NULL AUTO_INCREMENT, AUTO_INCREMENT=51;

--
-- AUTO_INCREMENT for table `tbllogs`
--
ALTER TABLE `tbllogs`
  MODIFY `LOGID` int(11) NOT NULL AUTO_INCREMENT, AUTO_INCREMENT=373;

--
-- AUTO_INCREMENT for table `tblpayment`
--
ALTER TABLE `tblpayment`
  MODIFY `PAYMENTID` int(11) NOT NULL AUTO_INCREMENT, AUTO_INCREMENT=59;

--
-- AUTO_INCREMENT for table `tblschedule`
--
ALTER TABLE `tblschedule`
  MODIFY `schedID` int(11) NOT NULL AUTO_INCREMENT, AUTO_INCREMENT=433;

--
-- AUTO_INCREMENT for table `tblsemester`
--
ALTER TABLE `tblsemester`
  MODIFY `SEMID` int(11) NOT NULL AUTO_INCREMENT, AUTO_INCREMENT=3;

--
-- AUTO_INCREMENT for table `tblstuddetails`
--
ALTER TABLE `tblstuddetails`
  MODIFY `DETAIL_ID` int(11) NOT NULL AUTO_INCREMENT, AUTO_INCREMENT=142;

--
-- AUTO_INCREMENT for table `tblstudent`
--
ALTER TABLE `tblstudent`
  MODIFY `S_ID` int(11) NOT NULL AUTO_INCREMENT, AUTO_INCREMENT=141;

--
-- AUTO_INCREMENT for table `useraccounts`
--
ALTER TABLE `useraccounts`
  MODIFY `ACCOUNT_ID` int(11) NOT NULL AUTO_INCREMENT, AUTO_INCREMENT=3;
COMMIT;

/*!40101 SET CHARACTER_SET_CLIENT=@OLD_CHARACTER_SET_CLIENT */;
/*!40101 SET CHARACTER_SET_RESULTS=@OLD_CHARACTER_SET_RESULTS */;
/*!40101 SET COLLATION_CONNECTION=@OLD_COLLATION_CONNECTION */;
